Term (EN),Description (EN),Rmk,JP Glossary,KR Glossary,Category,Feature,Marketing Reference,Changed,Changes,Status,
  ▌ General,,,,,,,,,,,
Beamo,"An enterprise-grade digital twin solution for mission critical facilities and sites. Capture, augment, collaborate in 360°.",,Beamo,Beamo,General,,,,,✅ Confirmed,
Beamo Portal,A digital twin platform for collaboration.,,Beamo ポータル,Beamo 포털,General,,,,,✅ Confirmed,
Beamo App,"A capture app to capture any space in 360° and create digital twins in minutes, no expertise required.",,Beamoアプリ,Beamo앱,General,,,,,✅ Confirmed,
Space,Space represents the highest level of data structure and is where all sites are created and maintained.,,スペース,스페이스,General,,,,,✅ Confirmed,
Survey,"A set of 360° images and data (tag, comment, measurements, tracking tours).",,サーベイ,서베이,General,,,,,✅ Confirmed,
Point,"Point = photo + location + position info. ❌ 360 photo, 360 image",,ポイント,포인트,General,,,,,✅ Confirmed,
Digital Twin,,,デジタルツイン,디지털 트윈,General,,,,,✅ Confirmed,
Beamo Pathfinder,Upgraded version of the mobile app.,,Beamo Pathfinder,Beamo Pathfinder,General,,,,,✅ Confirmed,
Notification,"A feature to notify users when mentioned in comments, tags, or guided paths.",,通知,알림,General,,,,,✅ Confirmed,
Header,Top bar where all the buttons are located globally.,,ヘッダー,헤더,General,,,,,✅ Confirmed,
360° image,"A panoramic 360° photo. ❌ scene, image",,360° 画像,360도 이미지,General,,,,,✅ Confirmed,
mission-critical facilities,,,ミッションクリティカルな施設,미션 크리티컬 시설,General,,,,,✅ Confirmed,
our company,Terms can be replaced with 3i depending on the situation.,,弊社,당사,General,,,,,✅ Confirmed,
  ▌ Home and Site  ,,,,,,,,,,,
Home,The first screen where a user can search site on list and map.,,ホーム,홈,Home and Site,Home,Site Map,14 Feb 2022,Marketing Term: Site Map,✅ Confirmed,
Side Panel (Home),A bar where site profile and site list will display.,,サイドパネル,사이드패널,Home and Site,Home,,,,✅ Confirmed,
Bookmark,User can set their unique bookmark to pin the site.,,ブックマーク,즐겨찾기,Home and Site,Home,,,,✅ Confirmed,
Settings (Home),"Button to access user management, site management, data management.",,設定,세팅,Home and Site,Home,,,,✅ Confirmed,
Profile icon,"Button to access my profile setting, switch spaces, and log out.",,プロフィールアイコン,프로필 아이콘,Home and Site,Home,,,,✅ Confirmed,
Support Center,Support Center button where user can access Beamo Support Center.,,サポートセンター,서포트 센터,Home and Site,Home,,,,✅ Confirmed,
Map,A map to view all your sites.,,マップ,맵,Home and Site,Map,,,,✅ Confirmed,
Pin,Site indicator on the map.,,ミニピン,핀,Home and Site,Map,,,,✅ Confirmed,
GPS icon,A button to display your current location.,,GPS アイコン,GPS 아이콘,Home and Site,Map,,,,✅ Confirmed,
Zoom In (Home),A button to zoom in the map.,,ズームイン,확대,Home and Site,Map,,,,✅ Confirmed,
Zoom Out (Home),A button to zoom out the map.,,ズームアウト,축소,Home and Site,Map,,,,✅ Confirmed,
Search bar,A bar that user can search for building name and address.,,検索バー,검색창,Home and Site,Site List,,,,✅ Confirmed,
Sort,"A button to select the sorting options (name, last captured, most survey).",,ソート,정렬,Home and Site,Site List,,,,✅ Confirmed,
Filter,Filter setting UI where users can set filters for refine search.,,フィルター,필터,Home and Site,Site List,Filter & Bookmark,,,✅ Confirmed,
Team Selector (Home),Selector to choose the team to browse sites.,,チームセレクター,팀 선택창 ,Home and Site,Site List,,,,✅ Confirmed,
Site Profile,A high-level view of the site acting as a hub to navigate Beamo.  It will be replaced with Site Detail in Beamo 3.0.,,サイトプロフィール,사이트 프로필,Home and Site,Site Profile -> Site Detail (Beamo 3.0),,14 May 2026,Beamo 3.0 Release ,✅ Confirmed,
Site Overview,"Basic information like address, labels and thumbnail.",,サイトオーバービュー,사이트 개요,Home and Site,Site Profile -> Site Detail (Beamo 3.0),,14 May 2026,Beamo 3.0 Release ,✅ Confirmed,
Thumbnail,A image of the site.,,サムネイル,썸네일,Home and Site,Site Profile -> Site Detail (Beamo 3.0),,14 May 2026,Beamo 3.0 Release ,✅ Confirmed,
Gallery,A gallery where user can view uploaded photos of their sites.,,ギャラリー,갤러리,Home and Site,Site Profile -> Site Detail (Beamo 3.0),,14 May 2026,Beamo 3.0 Release ,✅ Confirmed,
Additional Info,A box where the Gallery and Information tabs locate.,,追加情報,추가 정보,Home and Site,Site Profile -> Site Detail (Beamo 3.0),,14 May 2026,Beamo 3.0 Release ,✅ Confirmed,
Gallery Mode,A mode displaying only the floor plans in a gallery view.,,ギャラリーモード,갤러리 모드 ,Home and Site,Site Profile -> Site Detail (Beamo 3.0),,14 May 2026,Beamo 3.0 Release ,✅ Confirmed,
Hybrid Mode,A mode displaying your list of floors to the left and your floor plan to the right.,,ハイブリッドモード,하이브리드 모드 ,Home and Site,Site Profile -> Site Detail (Beamo 3.0),,14 May 2026,Beamo 3.0 Release ,✅ Confirmed,
List Mode,A mode displaying only the floor name and description in a list view.,,リストモード,목록 모드 ,Home and Site,Site Profile -> Site Detail (Beamo 3.0),,14 May 2026,Beamo 3.0 Release ,✅ Confirmed,
Plan View,A viewer where your floors are visualized.,,フロアービュー,플로어 뷰 ,Home and Site,Site Profile -> Site Detail (Beamo 3.0),,14 May 2026,Beamo 3.0 Release ,✅ Confirmed,
3D Workspace icon,A button to access the 3D workspace.,,３Dワークスペースアイコン,3D 워크스페이스 아이콘,Home and Site,Site Profile -> Site Detail (Beamo 3.0),,14 May 2026,Beamo 3.0 Release ,✅ Confirmed,
View Option icon,"A button to select the viewing option (tag, point, annotation) of the floorplan.",,ビューオプションアイコン,보기 옵션 아이콘,Home and Site,Site Profile -> Site Detail (Beamo 3.0),,14 May 2026,Beamo 3.0 Release ,✅ Confirmed,
  ▌ Site Management,,,,,,,,,,,
Site,Sites are the building block of Beamo and are required in order for the platform to be used.,,サイト,사이트,Site Management,Site,,,,✅ Confirmed,
Site Management,"A feature to manage sites (create/delete/edit sites, set filter, create labels).",,サイトマネージメント,사이트 관리,Site Management,Site,Pro Site Management / Enterprise Site Management,14 Feb 2022,Marketing terms,✅ Confirmed,
Survey Group,A group of surveys.,,サーベイグループ,서베이 그룹,Site Management,Survey,,,,✅ Confirmed,
Survey List,"Floor and survey lists where user create survey (survey group), delete or duplicate the survey.",,サーベイリスト,서베이 목록,Site Management,Survey,,,,✅ Confirmed,
Plan,A type of drawing that shows you the layout of a site from above.,,フロアプラン,도면,Site Management,Plan,,14 Feb 2022,Added,✅ Confirmed,
Plan Manager,"A floor plan editor in the floor setting UI, where user upload, edit the master plan.",,フロアプランマネジャー,도면 관리,Site Management,Plan,,14 Feb 2022,Added,✅ Confirmed,
Annotation,Plan editing tool.,,注釈,주석,Site Management,Plan,,14 Feb 2022,,✅ Confirmed,
Scale,To scale the floor plan by clicking 2 points.,,スケーリング（縮尺）,비율 측정,Site Management,Plan,,,,✅ Confirmed,
Rotate,Floor plan editing tool.,,回転,회전 ,Site Management,Plan,,,,✅ Confirmed,
Label Category,A group of labels set by users.,,ラベルカテゴリー,라벨 항목,Site Management,Labels,,,,✅ Confirmed,
Labels (Tab),UI where the Super Admin and Site Manager add labels to the sites.,,ラベル（タブ）,라벨,Site Management,Labels,,,,✅ Confirmed,
Plans（Tab),UI where Super Admin and Site Manager create/delete/edit floors.,,フロア（タブ）,층,Site Management,Plan,,,,✅ Confirmed,
Survey Browser,A UI that indicates the date survey was conducted with an expandable date list.,,履歴,서베이 기록,Site Management,Survey,,,,✅ Confirmed,
  ▌ User Management,,,,,,,,,,,
Super Admin,Super Admin has the highest level of access to the Beamo Space.,,スーパーアドミン,최고 관리자,User Management,Roles,,,,✅ Confirmed,
Site Manager,Site Managers manage site access control for all teams.,,サイトマネージャー,사이트 관리자,User Management,Roles,,,,✅ Confirmed,
Team Admin,Team Admin is the highest level user within a single team.,,チームアドミン,팀 관리자,User Management,Roles,,,,✅ Confirmed,
Collaborator,"Collaborators can view, edit, and delete tags, measurements, and tracking tours.",,コラボレーター,협력자,User Management,Roles,,,,✅ Confirmed,
Surveyor,Surveyors are responsible for capturing new sites.,,サーベイヤー,촬영 담당자,User Management,Roles,,,,✅ Confirmed,
Viewer (Role),Viewers are users that have view-only access.,,ビューアー,열람자,User Management,Roles,,,,✅ Confirmed,
Team User,Team Users exist within a specific team assigned to them.,,チームユーザー,팀 사용자,User Management,Roles,,,,✅ Confirmed,
Pro Surveyor,A license type required to access BeamoBox features.,,プロサーベイヤー,프로 서베이어,User Management,Roles,,14 May 2026,🆕 v3.0.0 — confirm license tier name,✅ Confirmed,
User Management,"A feature to manage users (RBAC, create teams, manage team permissions).",,ユーザーマネージメント,사용자 관리,User Management,Teams,,,,✅ Confirmed,
Team,A team given access to any level of the site hierarchy.,,チーム,팀,User Management,Teams,,,,✅ Confirmed,
Team Profile,"Setting UI where super admin/team admin invite users, add labels, and set permissions.",,チーム プロフィール,팀 프로필,User Management,Teams,,,,✅ Confirmed,
Team Management,"Ability to create, manage teams and their users and permissions.",,チームマネージメント,팀 관리,User Management,Teams,,14 Feb 2022,Added,✅ Confirmed,
Members (Tab),Member setting UI where super admin and team admin invite users.,,メンバー（メンバータブ）,멤버 목록,User Management,Teams,,,,✅ Confirmed,
Permission (Tab),Permission Setting UI where team can be given access to any level of the site hierarchy.,,権限（権限タブ）,권한,User Management,Permissions,,,,✅ Confirmed,
Role Management,Ability to assign different roles to a user.,,ロールマネージメント,사용자 권한,User Management,Permissions,,14 Feb 2022,Added,✅ Confirmed,
Role Base Access Control,Beamo utilizes a RBAC system to manage user access permissions.,,ロールベースアクセス制御,역할 기반 접근 제어,User Management,Permissions,,,,✅ Confirmed,
User Types,"Super Admin, Site Manager, Team Users (Team Admin, Surveyor, Collaborator, Viewer).",,ユーザータイプ,사용자 유형,User Management,Permissions,,,,✅ Confirmed,
User Role,A role permission.,,ユーザーロール,사용자 역할,User Management,Permissions,,,,✅ Confirmed,
Permissions,Beamo utilizes a RBAC system to define permission controls.,,権限,권한,User Management,Permissions,,,,✅ Confirmed,
All Users,"Super Admin, Site Manager, Team Admin, Surveyor, Collaborator, Viewer.",,全ユーザー,모든 사용자,User Management,Roles,,,,✅ Confirmed,
  ▌ Data Management,,,,,,,,,,,
Data Management,"A feature to manage data (edit/delete shared links, recover deleted sites and surveys).",,データマネージメント,데이터 관리,Data Management,Shared Links,,,,✅ Confirmed,
Overview,Data Management UI where user can delete or edit the shared survey link.,,オーバービュー,모아보기,Data Management,Shared Links,,,,✅ Confirmed,
Recover,Management UI where deleted site and survey are stored and user can recover them.,,リカバリー,복구,Data Management,Recovery,,,,✅ Confirmed,
Restore,"A process to restore the removed survey, site, floor.",,復元する,복원,Data Management,Recovery,,,,✅ Confirmed,
  ▌ 3D Workspace,,,,,,,,,,,
3D Workspace,A place where users can collaborate by inputting and displaying information regarding a survey.,,3Dワークスペース,3D 워크스페이스,3D Workspace,Navigation,,,,✅ Confirmed,
Sidebar,A menu bar in the 3D workspace where all the buttons locate.,,サイドバー,사이드바,3D Workspace,Navigation,,,,✅ Confirmed,
Sidepanel,"A bar where tag, comment, tracking tour list will display.",,サイドパネル,사이드패널,3D Workspace,Navigation,,,,✅ Confirmed,
Viewer,The part of the screen where 360° images display.,,ビューア画面,뷰어,3D Workspace,Navigation,,,,✅ Confirmed,
Mini-map,An explorable map based upon 2D layout of the floor.,,ミニマップ,미니맵,3D Workspace,Navigation,,14 Feb 2022,Added,✅ Confirmed,
Mini-Map GPS,A button to check your current position on the minimap.,,ミニマップGPS,미니맵 GPS ,3D Workspace,Navigation,,,,✅ Confirmed,
Floor Selector,A UI within Minimap that enables users to navigate between floors.,,フロアセレクター,층 이동 바,3D Workspace,Navigation,,,,✅ Confirmed,
Survey Selector,A dropup survey list to choose the survey to view.,,サーベイセレクター,서베이 선택바,3D Workspace,Navigation,,,,✅ Confirmed,
Plan Selector,A dropdown plan list to choose the plan to view.,,フロア（フロアプラン）セレクター,도면 선택바,3D Workspace,Navigation,,,,✅ Confirmed,
Pointer,A UI following the mouse cursor on 360° image that leads to the closest point.,,ポインター,포인트,3D Workspace,Navigation,,,,✅ Confirmed,
Hotspot,White circle on the floor showing the captured point.,,ホットスポット,핫스팟,3D Workspace,Navigation,,,,✅ Confirmed,
Full Screen,Button to display the viewer in full-screen mode.,,全画面,전체화면,3D Workspace,Navigation,,,,✅ Confirmed,
View Zoom In/Out,Button to zoom in/out the viewer of the 3D workspace.,,ズームイン/アウト,확대/ 축소,3D Workspace,Navigation,,,,✅ Confirmed,
Magnifying Zoom,A button to zoom in of an image.,,虫眼鏡アイコン,확대 아이콘,3D Workspace,Navigation,,,,✅ Confirmed,
Collapse Mini-map,A button to close minimap.,,ミニマップ閉じる,미니 맵 닫기 ,3D Workspace,Navigation,,,,✅ Confirmed,
Resize Mini-map,A handle to resize your minimap.,,ミニマップリサイズ,미니 맵 크기 조절 ,3D Workspace,Navigation,,,,✅ Confirmed,
2D Plan,A feature to display a list of the plans of the site in 3D Workspace.,,2D フロアプラン,2D 도면,3D Workspace,Navigation,2D Plan,,,✅ Confirmed,
Plan overview,The overview of the plan through 3D Workspace > 2D Plan > Select plan.,,フロアプランオーバービュー,도면 개요 창,3D Workspace,Navigation,,,,✅ Confirmed,
Nadir,,,ネディア,천저,3D Workspace,Navigation,,,,✅ Confirmed,
Tag,A container of information displayed in the 3D space or plan.,,タグ,태그,3D Workspace,Tag,Tag,,,✅ Confirmed,
Folder,"Folder to organize the tag, tracking tour.",,フォルダー,폴더,3D Workspace,Tag,,,,✅ Confirmed,
Announce,A checkmark box to pin your tag as announce mode.,,アナウンス機能,공지,3D Workspace,Tag,,,,✅ Confirmed,
Mention,A feature to ping another user via @username or email.,,メンション,언급,3D Workspace,Tag,,,,✅ Confirmed,
Add [+Add],A button to add new folder/New recording/Tag/Comment in 3D Workspace.,,追加,추가,3D Workspace,Tag,,,,✅ Confirmed,
Document,A tag containing a document file.,,- 資料,- 파일,3D Workspace,Tag,,,,✅ Confirmed,
Media (Tag),A tag containing a media (image or video) file.,,- メディア,- 미디어,3D Workspace,Tag,,,,✅ Confirmed,
Memo,A tag containing text description.,,- メモ,- 설명,3D Workspace,Tag,,,,✅ Confirmed,
URL,A tag containing a hyperlink text and URL.,,- URL,- 하이퍼링크,3D Workspace,Tag,,,,✅ Confirmed,
IoT Tag,A tag that embeds real-time IoT data from external sources into 3D Workspace.,,IoT タグ,IoT 태그,3D Workspace,Tag,,,,✅ Confirmed,
Tag Focus,"The icon in the tag tile bar. By clicking, app will show the tag in the 3D Viewer.",,タグフォーカス,태그 포커스,3D Workspace,Tag,,,,✅ Confirmed,
Comment,A tool to notify other team members of specific tasks and get a conversation started.,,コメント,코멘트,3D Workspace,Comment,Comment,,,✅ Confirmed,
Thread,A group of comments/messages displayed in chronological order.,,スレッド,스레드,3D Workspace,Comment,,,,✅ Confirmed,
Resolve,A checkbox to resolve the comment.,,解決する,해결됨,3D Workspace,Comment,,,,✅ Confirmed,
Comment Number icon,An icon to represent the number of replies on the comment.,,コメント数アイコン,코멘트 수,3D Workspace,Comment,,,,✅ Confirmed,
Comment View Option,A button to select the option to view All or Only yours.,,コメント表示オプション,코멘트 표시 옵션,3D Workspace,Comment,,,,✅ Confirmed,
Measurement,A virtual tool for users to get measurements in 3D Workspace.,,メジャー,측량,3D Workspace,Measurement,Measure,,,✅ Confirmed,
Polyline,A continuous line composed of one or more line objects to measure.,,ポリライン,폴리라인,3D Workspace,Measurement,,,,✅ Confirmed,
Line,A button to measure by creating the line.,,ライン,라인,3D Workspace,Measurement,,,,✅ Confirmed,
Meshed Line,A style of the line created in the air.,,メッシュライン,메쉬,3D Workspace,Measurement,,,,✅ Confirmed,
3D Object,A virtual 3D box created by a user as a point of reference for 3D measurement.,,3D オブジェクト,3D 박스,3D Workspace,Measurement,,,,✅ Confirmed,
Plane Object,A virtual plane created by a user to get 2D measurement.,,平面オブジェクト,평면 객체,3D Workspace,Measurement,,,,✅ Confirmed,
Angle,The degree value displayed when selecting the object.,,角度,각도,3D Workspace,Measurement,,,,✅ Confirmed,
Distance Display,A box to display the total length of the measurement.,,距離表示,거리 표시 ,3D Workspace,Measurement,,,,✅ Confirmed,
Time Comparison,A tool to compare two surveys captured on the same plan.,,タイム比較,시계열 비교,3D Workspace,Time Comparison,Compare,,,✅ Confirmed,
Allow Time Comparison,A checkbox to share the time comparison tool.,,タイム比較を許可,시계열 비교 허용,3D Workspace,Time Comparison,,,,✅ Confirmed,
Guided Path,A tool to record and view an interactive path of sites.,,ルート案内,경로 안내,3D Workspace,Guided Path,Guide,,,✅ Confirmed,
Information icon,Icon to check the description of the tracking tour.,,インフォメーションアイコン,정보 아이콘 ,3D Workspace,Guided Path,,,,✅ Confirmed,
Pause,A button to pause the tracking tour.,,一時停止,일시 정지 ,3D Workspace,Guided Path,,,,✅ Confirmed,
Play,A button to play the tracking tour.,,再生,재생 ,3D Workspace,Guided Path,,,,✅ Confirmed,
Exit,A button to stop the play mode and exit from the tracking tour.,,終了,종료 ,3D Workspace,Guided Path,,,,✅ Confirmed,
Share,A tool to share your digital twin with external users.,,シェア,공유,3D Workspace,Share,,,,✅ Confirmed,
Password Protected Link,A feature to generate a password-protected share link.,,パスワード保護付リンク,비밀번호 보안 링크,3D Workspace,Share,Password Protected Share,14 Feb 2022,Marketing term: Password Protected Share,✅ Confirmed,
Embedded Survey,A feature to generate a link for embedding the survey.,,埋め込み式サーベイ,임베디드 서베이,3D Workspace,Share,Embeddable Link,14 Feb 2022,Marketing term: Embeddable Link,✅ Confirmed,
Generate Link,A button to generate the share link.,,共有リンクを生成,공유 링크 생성,3D Workspace,Share,,,,✅ Confirmed,
Set Expiry Date,A box to set the expiration date.,,有効期限,만료일 선택,3D Workspace,Share,,,,✅ Confirmed,
Password (Share),A box to input the password.,,パスワード,비밀번호,3D Workspace,Share,,,,✅ Confirmed,
Share Tags,A toggle button to share the tags.,,タグを共有する,태그 공유,3D Workspace,Share,,,,✅ Confirmed,
Share Tracks,A toggle button to share the tracks.,,ミニマップを共有する,트랙 공유,3D Workspace,Share,,,,✅ Confirmed,
Show Measurement,A toggle button to share measurements and objects.,,測定共有,측량 공유,3D Workspace,Share,,,,✅ Confirmed,
Show Mini-map,A toggle button to share Minimap.,,トラックを共有する,미니맵 공유,3D Workspace,Share,,,,✅ Confirmed,
Meet,A feature for the live video chat.,,Meet,Meet,3D Workspace,Meet,Meet,,,✅ Confirmed,
Session,A term for the meeting in Meet.,,セッション,세션,3D Workspace,Meet,,,,✅ Confirmed,
Host,A logged-in user who starts the Meet session.,,ホスト,호스트,3D Workspace,Meet,,,,✅ Confirmed,
Guest,A guest invited to the Meet session.,,ゲスト,게스트,3D Workspace,Meet,,,,✅ Confirmed,
Join,A button to start/join the session.,,ライブシェアに参加する,생성,3D Workspace,Meet,,,,✅ Confirmed,
End,A button to end the session.,,終了,종료 ,3D Workspace,Meet,,,,✅ Confirmed,
Audio (Meet),A microphone icon to set the microphone.,,オーディオ,오디오,3D Workspace,Meet,,,,✅ Confirmed,
Video (Meet),A video icon to set the video.,,ビデオ,비디오,3D Workspace,Meet,,,,✅ Confirmed,
Present,An icon to share your screen with guests.,,画面共有,프레젠트,3D Workspace,Meet,,,,✅ Confirmed,
Sync,An icon to sync the view.,,シンク,싱크 ,3D Workspace,Meet,,,,✅ Confirmed,
Name Configuration,Edit button to edit the name before/after joining Meet.,,表示名設定,사용자 이름 설정 ,3D Workspace,Meet,,,,✅ Confirmed,
Timeline Report,A feature to generate a visual timeline report of survey history across a site.,,タイムラインレポート,시계열 조회,3D Workspace,Timeline Report,,,,✅ Confirmed,
Dollhouse ,A spatial 3D overview automatically generated from a 360˚ video survey.,,ドールハウス,돌하우스,3D Workspace,Dollhouse ,,14 May 2026,,✅ Confirmed,
  ▌ 3D Editor,,,,,,,,,,,
3D Editor,A feature under the site management to edit the survey.,,３Dエディター,3D 에디터,3D Editor,Overview,,,,✅ Confirmed,
3D Mesh,,,3D メッシュ,3D 메쉬,3D Editor,Overview,,,,✅ Confirmed,
Edit Point button,A button to move or delete the points.,,ポイント編集ボタン,포인트 편집 버튼,3D Editor,Point Editing,,,,✅ Confirmed,
Point Rotation,The rotation angle of a single point from the 3D view.,,ポイント方向,포인트 방향,3D Editor,Point Editing,,,,✅ Confirmed,
Image Rotation,A box to input the degree to rotate the 360° image.,,イメージ角度,이미지 각도,3D Editor,Point Editing,,,,✅ Confirmed,
Reorder 360° image,A toggle button to reorder scenes.,,写真並べ替え,360도 이미지 재배열,3D Editor,Point Editing,,,,✅ Confirmed,
Hand button,A button to move the floor plan.,,ハンドボタン,손 버튼,3D Editor,Point Editing,,,,✅ Confirmed,
Go Back,A button to go back to the survey list.,,戻る,뒤로,3D Editor,Point Editing,,,,✅ Confirmed,
Plan Editor,Edit only the specific floor plan associated with this survey.,,フロアプランエディター,도면 에디터,3D Editor,Plan Editing,,,,✅ Confirmed,
Floor Plan tool,Tools to edit points and move the floor plan.,,フロアプランツール,도면 도구,3D Editor,Plan Editing,,,,✅ Confirmed,
Control bar,A bar to rotate the 360° images by clicking and dragging.,,方向調整バー,방향조절바,3D Editor,Plan Editing,,,,✅ Confirmed,
crop,Plan editing tool.,,切り抜き,자르기,3D Editor,Plan Editing,,,,✅ Confirmed,
Blur Mode,A button to manually and auto blur the single 360° image.,,ぼかし,블러처리,3D Editor,Blur,Manual Blur,14 Feb 2022,Marketing term: Manual Blur,✅ Confirmed,
Auto Blur,A button to auto blur the whole survey.,,自動ぼかし加工,자동 블러 처리,3D Editor,Blur,Auto Face Blur,14 Feb 2022,Marketing term: Auto Face Blur,✅ Confirmed,
Brush,A button in the Blur mode to blur the image manually.,,ブラシ,브러쉬,3D Editor,Blur,,,,✅ Confirmed,
Brush Radius,A control bar in Blur mode to change the size of the brush and eraser.,,ブラシの大きさ,브러쉬 크기,3D Editor,Blur,,,,✅ Confirmed,
Erase,A button in Blur mode to unblur the image manually.,,消しゴム,지우개,3D Editor,Blur,,,,✅ Confirmed,
Face icon,A button in Blur mode to auto blur the single image.,,顔マークアイコン,얼굴 아이콘,3D Editor,Blur,,,,✅ Confirmed,
Opening View,Settings for the first point when you open 3D Workspace.,,オープニングビュー,오프닝 뷰,3D Editor,View Settings,,14 Feb 2022,Added,✅ Confirmed,
Camera Height (m),A title for the ceiling height input in the Survey Editor.,,,천장 높이 (m),3D Editor,View Settings,,,,✅ Confirmed,
Ceiling Height (m),A title for the ceiling height input in the Survey Editor.,,,카메라 높이 (m),3D Editor,View Settings,,,,✅ Confirmed,
Settings (3D Editor),"A button to access auto blur, ceiling height, and display settings.",,設定,설정,3D Editor,View Settings,,,,✅ Confirmed,
View (3D Editor),A button to access the 3D Workspace.,,ビュー,미리보기,3D Editor,View Settings,,,,✅ Confirmed,
Save (3D Editor),A button to save the change.,,保存,저장,3D Editor,View Settings,,,,✅ Confirmed,
Schematic Plan,"An automatically generated schematic plan, which hold brief wall/window/door like simple/core objects only, created from a 360˚ video survey.",*mostly related to schematic plan editor users,スキーマティックプラン,개략 도면,3D Editor,Schematic Plan,,,,✅ Confirmed,
Schematic Floor Plan,Floor plan part of generated schemetic plan,,スキーマティックフロアプラン,개략 바닥 도면,3D Editor,Schematic Plan,,,,✅ Confirmed,
Schematic Elevation Plan,Elevation plan part of generated schemetic plan,*mostly related to schematic plan editor users,スキーマティックエレベーションプラン,개략 측면 도면,3D Editor,Schematic Plan,,,,✅ Confirmed,
Schematic Plan Editor (Beta),An editor for viewing and modifying a generated Schematic Floor Plan.,,スキーマティックプランエディター (ベータ),개략 도면 편집기 (베타),3D Editor,Schematic Plan,,,,✅ Confirmed,
  ▌ Beamo App,,,,,,,,,,,
Home (App),"The first screen where a user can search sites, access side panel, switch the team.",,ホーム,홈,Beamo App,Home,,,,✅ Confirmed,
Search bar (App),A box to input name or address to search the site.,,検索バー,검색창,Beamo App,Home,,,,✅ Confirmed,
Site List (App),A list of the sites the selected team has access to.,,サイトリスト,사이트 목록,Beamo App,Home,,,,✅ Confirmed,
Sort (App),"A button to sort by name, last captured date, or number of surveys.",,ソート,이름순 정렬,Beamo App,Home,,,,✅ Confirmed,
Team Selector,Selector to choose the team and browse accessible sites.,,チームセレクター,팀 선택창 ,Beamo App,Home,,,,✅ Confirmed,
Site information,A box displaying site name/address and status of unimported/unuploaded surveys.,,サイト情報,사이트 정보,Beamo App,Home,,,,✅ Confirmed,
Capture,A task to take a 360° image and create it as a point.,,キャプチャ,캡처,Beamo App,Capture,,,,✅ Confirmed,
Auto Mode,A capture mode to capture with auto.,,自動モード,자동 모드,Beamo App,Capture,,,,✅ Confirmed,
Manual Mode,A capture mode to capture manually.,,手動モード,수동 모드,Beamo App,Capture,,,,✅ Confirmed,
Camera Alignment,The process of aligning the 360 camera viewpoint with the smartphone.,,アライメント,화면 정렬,Beamo App,Capture,,,,✅ Confirmed,
Camera Connection,Connecting the RICOH THETA to iPhone via Wi-Fi.,,カメラ接続,카메라 연결,Beamo App,Capture,,,,✅ Confirmed,
Adjusting your position,The process of marking your current position on the floor plan.,,現在位置調整,시작점 조정,Beamo App,Capture,,,,✅ Confirmed,
Reposition,The process of updating your current position during capture.,,再調整,포인트 재교정,Beamo App,Capture,,,,✅ Confirmed,
Tracking,A button to turn ON/OFF the tracking.,,トラッキング,트래킹,Beamo App,Capture,,,,✅ Confirmed,
Current Position,A GPS icon showing your current position on the plan.,,現在位置,현재 위치,Beamo App,Capture,,,,✅ Confirmed,
Point Number,Indicates the order in which the points were captured.,,ポイント番号,포인트 번호 ,Beamo App,Capture,,,,✅ Confirmed,
Delete point,A process to delete the point during capture.,,削除,포인트 삭제,Beamo App,Capture,,,,✅ Confirmed,
Move point,A process to move the point during capture.,,移動,포인트 이동,Beamo App,Capture,,,,✅ Confirmed,
Edit Point (App),A process to delete/move the point in the Capture UI.,,ポイント編集,포인트 편집 ,Beamo App,Capture,,,,✅ Confirmed,
Count down,A selector for countdown timer before capture.,,カウントダウン,카운트다운,Beamo App,Capture,,,,✅ Confirmed,
Capture mode,A selector to select the capture mode (auto/manual).,,キャプチャモード,캡처 모드,Beamo App,Capture,,,,✅ Confirmed,
Grid,A toggle to show/hide a grid on the floor plan.,,グリッド,그리드,Beamo App,Capture,,,,✅ Confirmed,
Guide,A box pop-out in the capture UI to show the tooltips.,,ガイドボックス,가이드 박스 ,Beamo App,Capture,,,,✅ Confirmed,
Tripod Height,A step in capture settings to input the tripod height.,,三脚の高さの設定,삼각대 높이,Beamo App,Capture,,,,✅ Confirmed,
Preview (App),A process to preview the point in the Capture UI.,,プレビュー,미리보기,Beamo App,Capture,,,,✅ Confirmed,
Done,A button in the capture UI to finish the capture.,,完了,완료,Beamo App,Capture,,,,✅ Confirmed,
Floor List,A list of the floor to select the task.,,フロアリスト,사이트 상세 페이지,Beamo App,Capture,,,,✅ Confirmed,
Floor Plan (App),A drawing uploaded from Beamo Portal where the survey is conducted.,,フロアプラン,도면,Beamo App,Capture,,,,✅ Confirmed,
Location Input Pin,A pin to input your current position on the floor plan.,,位置入力ピン,위치 정보 입력 핀 ,Beamo App,Capture,,,,✅ Confirmed,
Scale (App),Scale tool in the Capture UI.,,スケール,스케일 ,Beamo App,Capture,,,,✅ Confirmed,
Remote (App),Toggle to ON/OFF the BLE remote controller.,,リモコン,리모컨,Beamo App,Capture,,,,✅ Confirmed,
Import,Downloading 360° images from 360 camera to smartphone.,,インポート,사진 가져오기,Beamo App,Capture,,,,✅ Confirmed,
Upload,Uploading 360° images from smartphone to the cloud server.,,アップロード,업로드,Beamo App,Capture,,,,✅ Confirmed,
360˚ Video Survey,A survey capture method using 360˚ video. Optimized for speed. Mobile only.,,360˚ ビデオサーベイ,360˚ 비디오 서베이,Beamo App,Video Survey,,7 May 2026,v3.0.0. Mobile only.,✅ Confirmed,
Field Camera,A mobile-first capture tool. Photos/videos/audio auto-sync to BeamoBox.,,フィールドカメラ,필드 카메라,Beamo App,Field Camera,,7 May 2026,v3.0.0. Mobile only.,✅ Confirmed,
  ▌ Field Camera —   🆕 v3.0.0,,,,,,,,,,,
Session (Field Camera),A focused capture window tied to a specific site. All captures go to the same destination until you finish or discard.,,セッション（フィールドカメラ）,세션 (필드 카메라),Beamo App,Field Camera,,14 May 2026,🆕 v3.0.0 — ⚠️ different from Meet's Session,✅ Confirmed,
Quick Note,A short description attached to a capture right after it's taken — typed or recorded by voice.,,クイックノート,퀵 노트,Beamo App,Field Camera,,14 May 2026,🆕 v3.0.0,✅ Confirmed,
Sticky Category,A category set once that automatically applies to every capture in the Field Camera session as set.,"*following category feature capability, admins(who can add) can add category during sticky category usage, but who don't have add permission can only set sticky category to use",スティッキーカテゴリー,고정 카테고리,Beamo App,Field Camera,,14 May 2026,🆕 v3.0.0,✅ Confirmed,
Photo Tray,A review screen showing all captured files before upload. You can deselect any you don't want to keep.,"*this screen can be set to open mandatorily when field camera session is done, in field camera settings. users who want to control which data to upload strictly can use this feature",フォトトレイ,사진 트레이,Beamo App,Field Camera,,14 May 2026,🆕 v3.0.0,✅ Confirmed,
Stamp,"Creator name, GPS coordinates, and timestamp stamped directly onto a photo at capture time. Cannot be removed after capture.",,スタンプ,스탬프 ,Beamo App,Field Camera,,14 May 2026,🆕 v3.0.0 ,✅ Confirmed,
Field Capture button,Global (Bottom) navigation bar button — quickest access to Field Camera from anywhere in the app.,,フィールド（現場）カメラキャプチャボタン,필드 카메라 캡처 버튼,Beamo App,Field Camera,,14 May 2026,🆕 v3.0.0,✅ Confirmed,
Site card ,Site item displayed as card format in new home design.,,サイトカード,사이트 카드 ,Beamo App,Field Camera,,14 May 2026,🆕 v3.0.0,✅ Confirmed,
Finish (Field Camera),Ends the Field Camera session and uploads all selected files to BeamoBox.,,完了（フィールドカメラ）,완료 (필드 카메라),Beamo App,Field Camera,,14 May 2026,🆕 v3.0.0,✅ Confirmed,
Discard,Ends the session and permanently deletes all captured files — nothing is uploaded.,,破棄,삭제,Beamo App,Field Camera,,14 May 2026,🆕 v3.0.0,✅ Confirmed,
Voice (Field Camera),A capture type in Field Camera — record a voice note without a visual.,,ボイス（フィールドカメラ）,음성 (필드 카메라),Beamo App,Field Camera,,14 May 2026,🆕 v3.0.0,✅ Confirmed,
Photo (Field Camera),A capture type — tap the shutter for a single still shot.,,フォト（フィールドカメラ）,사진 (필드 카메라),Beamo App,Field Camera,,14 May 2026,🆕 v3.0.0,✅ Confirmed,
Video (Field Camera),A capture type — start and stop recording a video.,,ビデオ（フィールドカメラ）,비디오 (필드 카메라),Beamo App,Field Camera,,14 May 2026,🆕 v3.0.0,✅ Confirmed,
Open camera when app launches,Setting: Field Camera opens automatically when you launch the app.,,アプリ起動時にカメラを開く,앱 실행 시 카메라 열기,Beamo App,Field Camera,,14 May 2026,🆕 v3.0.0,✅ Confirmed,
Show photo tray when finishing session,"Setting: When you tap Finish, the photo tray opens to review files before uploading.",,セッション終了時にフォトトレイを表示,세션 종료 시 사진 트레이 표시,Beamo App,Field Camera,,14 May 2026,🆕 v3.0.0,✅ Confirmed,
Save images to device,Setting: Also saves captured photos and videos to the phone's default gallery.,,デバイスに画像を保存,기기에 이미지 저장,Beamo App,Field Camera,,14 May 2026,🆕 v3.0.0,✅ Confirmed,
Front / Back camera,Toggle between front and rear camera in Field Camera.,,フロント / バックカメラ,전면 / 후면 카메라,Beamo App,Field Camera,,14 May 2026,🆕 v3.0.0,✅ Confirmed,
Flash,Flash control (On/Off) in Field Camera.,,フラッシュ,플래시,Beamo App,Field Camera,,14 May 2026,🆕 v3.0.0,✅ Confirmed,
Zoom Selector (Field Camera),"UI that displays current zoom level while providing quick zoom level set with preset three options, (.5x, 1x, 3x).
*minimum zoom level might depend on mobile device camera spec",,ズームセレクター（フィールドカメラ）,줌 셀렉터 (필드 카메라),Beamo App,Field Camera,,14 May 2026,🆕 v3.0.0,✅ Confirmed,
Aspect ratio,"Choose 1:1, 3:4, 9:16, or Full in Field Camera.",,アスペクト比,화면 비율,Beamo App,Field Camera,,14 May 2026,🆕 v3.0.0,✅ Confirmed,
Tag (App),,,タグ,태그,,,,,,,
Title (App),A box to input the title of a tag.,,タイトル,제목,Beamo App,Tag,,,,✅ Confirmed,
Description box (App),A box to input description for a tag.,,詳細ボックス,상세 설명란,Beamo App,Tag,,,,✅ Confirmed,
Folder Selector,A button to select the folder in a tag.,,フォルダセレクター,폴더 선택창 ,Beamo App,Tag,,,,✅ Confirmed,
Media (App),"A button to record video, take photo, import from gallery.",,メディア,미디어,Beamo App,Tag,,,,✅ Confirmed,
Side panel (App),"A UI for switching spaces, backup data, support center, or log out.",,サイドパネル,사이드패널,Beamo App,Settings,,,,✅ Confirmed,
Settings (App),Button to enter the side panel or access capture settings.,,設定,설정,Beamo App,Settings,,,,✅ Confirmed,
General Setting,,,,,,,,,,,
Setting (capture setting),A setting process before the capture.,,キャプチャ設定,프리셋(App),Beamo App,Settings,,,,✅ Confirmed,
Back Up Data,Button in the side panel to access backup data.,,データバックアップ,데이터 백업,Beamo App,Settings,,,,✅ Confirmed,
Log Out (App),Button to log out from the currnetly signed in account.,,ログアウト,로그아웃 ,Beamo App,Settings,,,,,
Support Center (App),Button to access Beamo Support Center.,,サポートセンター,서포트 센터 ,Beamo App,Settings,,,,✅ Confirmed,
Tutorial,Button to view the tutorial.,,チュートリアル,튜토리얼,Beamo App,Settings,,,,✅ Confirmed,
Privacy Policy,Button to view the Privacy Policy.,,プライバシーポリシー,개인정보 보호 정책,Beamo App,Settings,,,,✅ Confirmed,
Legal,A section title in the side panel for Privacy Policy and Version history.,,利用規約,법률 정보,Beamo App,Settings,,,,✅ Confirmed,
Version,Button to check the version history.,,バージョン,버전,Beamo App,Settings,,,,✅ Confirmed,
Permission (App),App permission settings.,,権限,권한,Beamo App,Settings,,,,✅ Confirmed,
Tooltips,A button to show the tooltips.,,ツールチップ,툴팁,Beamo App,Settings,,,,✅ Confirmed,
Preset,Capture setting / preset.,,プリセット,프리셋,Beamo App,Settings,,,,✅ Confirmed,
360 camera,360 camera used to capture with Beamo App.,,360 カメラ,360 카메라,Beamo App,Settings,,,,✅ Confirmed,
  ▌ BeamoBox  🆕 v3.0.0,,,,,,,,,,,
BeamoBox,A drive-like file storage space built into each site for easy on-field data upload and management.,,Beamo ボックス,Beamo 박스,BeamoBox,Core,,,🆕 v3.0.0 ,✅ Confirmed,
Site Detail,"UI screen showing site's detail information such as plan list, canvas view, beamobox list, after users select site item.",,サイト詳細,사이트 상세,BeamoBox,Core,,,🆕 v3.0.0,✅ Confirmed,
BeamoBox Panel,A side panel inside 3D Workspace for accessing BeamoBox files.,,Beamo ボックスパネル,Beamo 박스 패널,BeamoBox,Core,,,🆕 v3.0.0,✅ Confirmed,
Detail View,"A popup showing a file's preview, description, dates, creator, and location.",,詳細ビュー,상세 보기,,Beamo Box,Core,,🆕 v3.0.0,✅ Confirmed,
Live Share (BeamoBox),"A BeamoBox share link that always shows the site's full, up-to-date file list.",,ライブシェア（Beamo ボックス）,라이브 공유 (Beamo 박스),BeamoBox,Share,,,🆕 v3.0.0 — ⚠️ different from Meet's Live Share,✅ Confirmed,
Selective Share,A BeamoBox share link that includes only files selected at time of sharing.,,選択共有,선택 공유,BeamoBox,Share,,,🆕 v3.0.0,✅ Confirmed,
  ▌ Checklist  🆕 v3.0.0,,,,,,,,,,,
Checklist,A workflow management tool for codifying and standardizing field operations.,,チェックリスト,체크리스트,Checklist,Core,,,🆕 v3.0.0,✅ Confirmed,
Checklist Item,An individual task or action step within a Checklist.,,チェックリストアイテム,체크리스트 항목,Checklist,Core,,,🆕 v3.0.0,✅ Confirmed,
  ▌ Space Management  ,,,,,,,,,,,
Space Management,,,スペースマネージメント,스페이스 관리,Space Management,Settings,,,,✅ Confirmed,
Preference,Space look & feel customization feature for 3D Workspace and IoT Settings under space management.  ,,プリファレンス,설정,Space Management,Customization,Look & Feel Customization,,,✅ Confirmed,
Filter (Space),Filter setting UI for refine search; manage label categories.,,フィルター,필터,Space Management,Settings,,,,✅ Confirmed,
By Label,Label filter setting UI where users can create/delete/edit labels.,,カスタムラベル,사용자 라벨,Space Management,Settings,,,,✅ Confirmed,
By Location,Location filter setting UI where users can rename or disable/enable location levels.,,地理ラベル,지리 라벨,Space Management,Settings,,,,✅ Confirmed,
Label Category (Space),A group of labels can be created from Team Profile and Filter Setting.,,ラベルカテゴリー,라벨 항목,Space Management,Settings,,,,✅ Confirmed,
License Details,Dashboard to see the license in details.,,ライセンス詳細,라이선스 상세 사항,Space Management,License,,,,✅ Confirmed,
Encryption,Data encryption applied to all Beamo data at rest and in transit.,,暗号化,암호화,Space Management,Security,,,🆕 Pricing page — Enterprise only,✅ Confirmed,
Two-factor authentication,,,二段階認証,2단계 인증,Space Management,Security,2FA,,🆕 Pricing page — Enterprise only,✅ Confirmed,
SSO,Single Sign-On via SAML 2.0 standard.,,SSO シングルサインオン,싱글 사인온(SSO),Space Management,Security,,,Enterprise only,✅ Confirmed,
VPC,Virtual Private Cloud deployment option for enterprise customers.,,VPC,VPC,Space Management,Security,,,🆕 Pricing page — Enterprise add-on,✅ Confirmed,
Grafana Integration,Integration connecting Beamo to Grafana for real-time IoT data in 3D Workspace.,,Grafana インテグレーション,Grafana 연동,Space Management,Integration,,,🆕 Pricing page — Enterprise only,✅ Confirmed,
  ▌ Hardware,,,,,,,,,,,
Beamo Hard Hat,Our original survey kit specially made for the Beamo App for 360 Video Capture.,,Beamo ヘルメット,Beamo 헬멧,Hardware,,,,,,
Beamo Starter Kit,Our original survey kit specially made for the Beamo App.,,Beamoスターターキット,Beamo 스타터 키트,Hardware,,,,,✅ Confirmed,
360 Mount,Holder for the 360 camera.,,360マウント,360 마운트,Hardware,,,,,✅ Confirmed,
Tripod,A tripod specially made for Beamo App.,,三脚,삼각대,Hardware,,,,,✅ Confirmed,
Smart Holder,holder + quick release (head+plate+button) + clamp + long thumb screw.,,スマートホルダー,스마트 홀더,Hardware,,,,,✅ Confirmed,
Remote (Hardware),BLE remote controller for capturing.,,リモコン,리모컨,Hardware,,,,,✅ Confirmed,
Thumb wheel,The thumb screw of 360 Mount to fix the 360 camera.,,サムホイール,수조정 바퀴,Hardware,,,,,✅ Confirmed,
Locking lever,On the Smart Holder.,,固定レバー,고정레버,Hardware,,,,,✅ Confirmed,
Quick release button,On the Smart Holder.,,クイックリリースボタン,퀵 릴리즈 버튼,Hardware,,,,,✅ Confirmed,
Holder,A part of the Smart Holder that holds the smartphone/battery.,,マウント,마운트,Hardware,,,,,✅ Confirmed,
clamp,A part of the Smart Holder that mounts to Tripod.,,クランプ,클램프,Hardware,,,,,✅ Confirmed,
quick release,Plate + head + button.,,クイックリリース,퀵 릴리즈,Hardware,,,,,✅ Confirmed,
quick release head,Quick release female part.,,クイックリリースヘッド,퀵 릴리즈 헤드,Hardware,,,,,✅ Confirmed,
quick release plate,Quick release male part.,,クイックリリースプレート,퀵 릴리즈 판,Hardware,,,,,✅ Confirmed,
Height adjustment flip-lock,Beamo Starter Kit Manual.,,高さ調整用フリップロック,높이 조절 플립락,Hardware,,,,,✅ Confirmed,
Leg adjustment locks,Beamo Starter Kit Manual.,,脚調整ロック,다리 조절 락,Hardware,,,,,✅ Confirmed,
Alignment guide,Beamo Starter Kit Manual.,,アラインメントガイド,정렬 가이드,Hardware,,,,,✅ Confirmed,
Non-slip rubber,Beamo Starter Kit Manual.,,滑り止めゴム,미끄럼 방지 고무,Hardware,,,,,✅ Confirmed,
Long thumb screw,Beamo Starter Kit Manual.,,サムスクリュー,썸 스크류,Hardware,,,,,✅ Confirmed,
quick release lock,Beamo Starter Kit Manual.,,クイックリリースロック,퀵 릴리즈 잠금,Hardware,,,,,✅ Confirmed,
360° camera insert slot,Beamo Starter Kit Manual.,,360°カメラ挿入口,360° 카메라 삽입구,Hardware,,,,,✅ Confirmed,
USB-C port,Beamo Starter Kit Manual.,,USB-Cポート,USB-C 포트,Hardware,,,,,✅ Confirmed,
USB connector,Beamo Starter Kit Manual.,,USBコネクタ,USB 커넥터,Hardware,,,,,✅ Confirmed,
Action button,Beamo Starter Kit Manual.,,アクションボタン,액션 버튼,Hardware,,,,,✅ Confirmed,
LED status indicator,Beamo Starter Kit Manual.,,LEDステータスインジケーター,LED 상태 표시등,Hardware,,,,,✅ Confirmed,
Key leash,Beamo Starter Kit Manual.,,キーリング,키 체인,Hardware,,,,,✅ Confirmed,
  ▌ Auto Tagging —   🆕 v3.0.0,,,,,,,,,,,
VPS Auto Tagging ,Vision Positioning System Auto tagging ,,VPS 自動タギング,VPS 자동 태깅 ,Auto Tagging ,,,,,🔍 Needs Review,
Path Auto Tagging ,Auto positioning of image files along the points. ,,経路自動タギング,경로 자동 태깅 ,Auto Tagging ,,,,,🔍 Needs Review,
Auto Tagging available ,The UI appears when the image files are uploaded and 3D view becomes available.,,自動タギング可能,자동 태깅 가능 ,Auto Tagging ,,,,,🔍 Needs Review,
Run Now ,The button appears on the Beamo Box tab in the 3D workspace when Auto Tagging becomes available. ,,実行する,지금 실행 ,Auto Tagging ,,,,,🔍 Needs Review,
Trigger ,State of activating the tagging system ,,トリガー,트리거 ,Auto Tagging ,,,,,🔍 Needs Review,I
  ▌ 360° Video Capture —   🆕 v3.0.0,,,,,,,,,,,
Session,A focused capture window tied to a specific site,,セッション,세션,App,,,,,,
Path,Series of points recorded and generated after the survey. ,,経路,경로,App,,,,,🔍 Needs Review,
Processing,"Cloud-side conversion of raw 360° video into a digital twin (path, points, floor-plan alignment)",,処理中,처리중,App,,,,,🔍 Needs Review,
360° Video Session,"A continuous walk-through recorded with a 360° camera, linked to a Site/Survey",,３６０°ビデオセッション,360 비디오 세션 ,App,,,,,🔍 Needs Review,
Drag to Tag,Dragging a photo directly from BeamoBox onto the 3D map to instantly add it as a tag at that location.,,ドラッグタギング,드래그 태깅,BeamoBox,Tag,,,🆕 v3.0.0,✅ Confirmed,
